{"cameraMode":{"drawMode":0,"name":"Shaded","section":"Shading Mode"},"sceneLighting":true,"audioPlay":false,"sceneViewState":{"m_AlwaysRefresh":false,"showFog":true,"showSkybox":true,"showFlares":true,"showImageEffects":true,"showParticleSystems":true,"showVisualEffectGraphs":true,"m_FxEnabled":true},"in2DMode":false,"pivot":{"x":1.3611336946487427,"y":-0.6723946332931519,"z":0.6234322786331177},"rotation":{"x":0.04498402029275894,"y":0.0059938919730484489,"z":-0.0002699074102565646,"w":0.9989699125289917},"size":0.6590016484260559,"orthographic":false}