{"cameraMode":{"drawMode":0,"name":"Shaded","section":"Shading Mode"},"sceneLighting":false,"audioPlay":false,"sceneViewState":{"m_AlwaysRefresh":true,"showFog":true,"showSkybox":false,"showFlares":true,"showImageEffects":true,"showParticleSystems":true,"showVisualEffectGraphs":true,"m_FxEnabled":true},"in2DMode":false,"pivot":{"x":0.10705164074897766,"y":0.17915894091129304,"z":-0.01778319478034973},"rotation":{"x":-0.15789799392223359,"y":-0.07309092581272125,"z":0.011722385883331299,"w":-0.9846858382225037},"size":0.27045267820358279,"orthographic":true}