{"cameraMode":{"drawMode":0,"name":"Shaded","section":"Shading Mode"},"sceneLighting":false,"audioPlay":false,"sceneViewState":{"m_AlwaysRefresh":true,"showFog":true,"showSkybox":false,"showFlares":true,"showImageEffects":true,"showParticleSystems":true,"showVisualEffectGraphs":true,"m_FxEnabled":true},"in2DMode":false,"pivot":{"x":0.7472934722900391,"y":-0.24084925651550294,"z":0.05919560790061951},"rotation":{"x":-0.22904331982135774,"y":0.1170598492026329,"z":-0.02776404656469822,"w":-0.9659867286682129},"size":0.8660253882408142,"orthographic":false}