{"cameraMode":{"drawMode":0,"name":"Shaded","section":"Shading Mode"},"sceneLighting":true,"audioPlay":false,"sceneViewState":{"m_AlwaysRefresh":true,"showFog":true,"showSkybox":true,"showFlares":true,"showImageEffects":true,"showParticleSystems":true,"showVisualEffectGraphs":true,"m_FxEnabled":true},"in2DMode":false,"pivot":{"x":0.36435896158218386,"y":-0.8286727666854858,"z":0.4992341697216034},"rotation":{"x":-0.38301393389701846,"y":0.2353711724281311,"z":-0.10156569629907608,"w":-0.887540340423584},"size":0.25168710947036745,"orthographic":false}