{"cameraMode":{"drawMode":0,"name":"Shaded","section":"Shading Mode"},"sceneLighting":true,"audioPlay":false,"sceneViewState":{"m_AlwaysRefresh":true,"showFog":true,"showSkybox":true,"showFlares":true,"showImageEffects":true,"showParticleSystems":true,"showVisualEffectGraphs":true,"m_FxEnabled":true},"in2DMode":false,"pivot":{"x":9.26560115814209,"y":1.7658427953720093,"z":1.8329286575317383},"rotation":{"x":-0.038988146930933,"y":0.010492122732102871,"z":0.0004088894638698548,"w":0.999187171459198},"size":5.315370559692383,"orthographic":true}